<Ui xmlns="http://www.blizzard.com/wow/ui/" xmlns:xsi="http://www.w3.org/2001/XMLSchema-instance" xsi:schemaLocation="http://www.blizzard.com/wow/ui/
..\FrameXML\UI.xsd">

<Script file="libs\LibStub\LibStub.lua"/>
<Include file="libs\CallbackHandler-1.0\CallbackHandler-1.0.xml"/>

<Script file="libs\LibDataBroker-1.1\LibDataBroker-1.1.lua"/>

<Include file="libs\LibBabble-Zone-3.0\lib.xml"/>
<Include file="libs\LibBabble-Boss-3.0\lib.xml"/>

<Include file="Libs\AceAddon-3.0\AceAddon-3.0.lua"/>
<Include file="libs\AceLocale-3.0\AceLocale-3.0.xml"/>
<Include file="libs\AceDB-3.0\AceDB-3.0.xml"/>
<Include file="libs\AceConsole-3.0\AceConsole-3.0.xml"/>

<Script file="libs\LibDBIcon-1.0\LibDBIcon-1.0.lua"/>

<Script file="Libs\Dewdrop-2.0\Dewdrop-2.0.lua"/>
</Ui>
